Title,RatingTomatometer,Genres
Black Panther (2018),97,action|adventure
Mad Max: Fury Road (2015),97,action|adventure
Wonder Woman (2017),93,action|adventure
Metropolis (1927),99,action|adventure
Coco (2017),97,action|adventure
Dunkirk (2017),92,action|adventure
Incredibles 2 (2018),94,action|adventure
Star Wars: The Last Jedi (2017),91,action|adventure
Logan (2017),93,action|adventure
Star Wars: Episode VII - The Force Awakens (2015),93,action|adventure
King Kong (1933),98,action|adventure
The Adventures of Robin Hood (1938),100,action|adventure
Thor: Ragnarok (2017),92,action|adventure
Baby Driver (2017),93,action|adventure
Zootopia (2016),97,action|adventure
Seven Samurai (Shichinin no Samurai) (1956),100,action|adventure
Spider-Man: Homecoming (2017),92,action|adventure
Up (2009),98,action|adventure
The Jungle Book (2016),95,action|adventure
War for the Planet of the Apes (2017),93,action|adventure
The Treasure of the Sierra Madre (1948),100,action|adventure
Lawrence of Arabia (1962),98,action|adventure
The Dark Knight (2008),94,action|adventure
Captain America: Civil War (2016),91,action|adventure
Jaws (1975),97,action|adventure
Harry Potter and the Deathly Hallows - Part 2 (2011),96,action|adventure
The Hurt Locker (2009),97,action|adventure
Aliens (1986),99,action|adventure
The LEGO Movie (2014),96,action|adventure
Skyfall (2012),92,action|adventure
Ant-Man and the Wasp (2018),88,action|adventure
Star Wars: Episode IV - A New Hope (1977),93,action|adventure
WALL-E (2008),96,action|adventure
Moana (2016),95,action|adventure
The Searchers (1956),100,action|adventure
Star Trek (2009),94,action|adventure
Kubo and the Two Strings (2016),97,action|adventure
The 39 Steps (1935),96,action|adventure
Rio Bravo (1959),100,action|adventure
The Terminator (1984),100,action|adventure
Mission: Impossible Rogue Nation (2015),93,action|adventure
Marvel's The Avengers (2012),92,action|adventure
The African Queen (1951),98,action|adventure
Star Wars: Episode V - The Empire Strikes Back (1980),95,action|adventure
Once Upon a Time in the West (1968),98,action|adventure
Apocalypse Now (1979),96,action|adventure
Blade Runner 2049 (2017),87,action|adventure
The French Connection (1971),98,action|adventure
True Grit (2010),96,action|adventure
Isle of Dogs (2018),89,action|adventure
Throne of Blood (1957),98,action|adventure
"Aguirre, the Wrath of God (Aguirre, der Zorn Gottes) (1972)",98,action|adventure
Badlands (1974),98,action|adventure
Avengers: Infinity War (2018),84,action|adventure
Yellow Submarine (1968),97,action|adventure
Guardians of the Galaxy (2014),91,action|adventure
Iron Man (2008),93,action|adventure
Chicken Run (2000),97,action|adventure
Spartacus (1960),96,action|adventure
The Princess Bride (1987),97,action|adventure
Hunt for the Wilderpeople (2016),96,action|adventure
Ghostbusters (1984 Original) (1984),97,action|adventure
Goldfinger (1964),97,action|adventure
Paths of Glory (1957),95,action|adventure
Casino Royale (2006),94,action|adventure
All Is Lost (2013),94,action|adventure
Ran (1985),96,action|adventure
The Lego Batman Movie (2017),90,action|adventure
Doctor Strange (2016),89,action|adventure
A Fistful of Dollars (Per un Pugno di Dollari) (1964),98,action|adventure
Assault on Precinct 13 (1976),98,action|adventure
X-Men: Days of Future Past (2014),90,action|adventure
No Country for Old Men (2007),93,action|adventure
The Lord of the Rings: The Two Towers (2002),95,action|adventure
Looper (2012),93,action|adventure
Back to the Future (1985),96,action|adventure
The Right Stuff (1983),98,action|adventure
Gojira (1956),93,action|adventure
"Crouching Tiger, Hidden Dragon (2001)",97,action|adventure
The Fugitive (1993),96,action|adventure
Dawn Of The Planet Of The Apes (2014),90,action|adventure
Mad Max 2: The Road Warrior (1982),98,action|adventure
Mandy (2018),92,action|adventure
Who Framed Roger Rabbit (1988),97,action|adventure
Annihilation (2018),89,action|adventure
Close Encounters of the Third Kind (1977),96,action|adventure
Diva (1981),98,action|adventure
The Bridge on the River Kwai (1957),94,action|adventure
Babe (1995),97,action|adventure
Dr. No (1962),96,action|adventure
The Lion King (1994),93,action|adventure
Sicario (2015),92,action|adventure
Jurassic Park (1993),91,action|adventure
In the Line of Fire (1993),96,action|adventure
Raiders of the Lost Ark (1981),95,action|adventure
From Russia With Love (1964),96,action|adventure
Superman (1978),94,action|adventure
Saving Private Ryan (1998),93,action|adventure
The Lord of the Rings: The Return of the King (2003),93,action|adventure
Embrace Of The Serpent (El Abrazo De La Serpiente) (2016),96,action|adventure
Inside Out (2015),98,animation
Coco (2017),97,animation
Paddington 2 (2018),100,animation
Incredibles 2 (2018),94,animation
Snow White and the Seven Dwarfs (1937),98,animation
Toy Story 2 (1999),100,animation
Zootopia (2016),97,animation
Up (2009),98,animation
Toy Story 3 (2010),98,animation
Finding Nemo (2003),99,animation
Pinocchio (1940),100,animation
Finding Dory (2016),94,animation
Toy Story (1995),100,animation
The LEGO Movie (2014),96,animation
WALL-E (2008),96,animation
Moana (2016),95,animation
Kubo and the Two Strings (2016),97,animation
Shaun the Sheep Movie (2015),99,animation
Ratatouille (2007),96,animation
Only Yesterday (1991),100,animation
How to Train Your Dragon (2010),98,animation
Isle of Dogs (2018),89,animation
The Incredibles (2004),97,animation
Yellow Submarine (1968),97,animation
Beauty and the Beast (1991),94,animation
Chicken Run (2000),97,animation
My Life as a Zucchini (Ma vie de courgette) (2017),98,animation
101 Dalmatians (1961),98,animation
The Nightmare Before Christmas (1993),95,animation
Fantasia (1940),96,animation
"Monsters, Inc. (2001)",96,animation
The Lego Batman Movie (2017),90,animation
The Iron Giant (1999),96,animation
Spirited Away (2002),97,animation
Tower (2016),99,animation
Song Of The Sea (2014),99,animation
Who Framed Roger Rabbit (1988),97,animation
Anomalisa (2015),92,animation
The Lion King (1994),93,animation
Your Name. (Kimi No Na Wa.) (2017),97,animation
Waltz with Bashir (2008),96,animation
Persepolis (2007),96,animation
Wallace & Gromit: The Curse of the Were-Rabbit (2005),95,animation
The Secret World of Arrietty (2012),95,animation
Ernest & Célestine (2014),97,animation
The Red Turtle (La tortue rouge) (2017),93,animation
Long Way North (Tout en haut du monde) (2016),98,animation
Aladdin (1992),94,animation
Fantastic Mr. Fox (2009),92,animation
Frozen (2013),90,animation
The Breadwinner (2017),95,animation
Ghost in the Shell (1996),96,animation
Coraline (2009),90,animation
Lady and the Tramp (1955),93,animation
Antz (1998),93,animation
The Triplets of Belleville (2003),94,animation
How to Train Your Dragon 2 (2014),91,animation
Bambi (1942),90,animation
My Neighbor Totoro (1988),94,animation
Big Hero 6 (2014),89,animation
The Little Mermaid (1989),92,animation
A Bug's Life (1998),92,animation
Princess Mononoke (Mononoke-hime) (1999),92,animation
Arthur Christmas (2011),92,animation
Mary and Max (2009),95,animation
James and the Giant Peach (1996),92,animation
Teen Titans Go! To the Movies (2018),91,animation
Ponyo (2009),91,animation
Shrek 2 (2004),89,animation
Bolt (2008),89,animation
Tangled (2010),89,animation
The Simpsons Movie (2007),88,animation
Shrek (2001),88,animation
Frankenweenie (2012),87,animation
The Wind Rises (2014),88,animation
Boy and the World (O Menino e o Mundo) (2015),93,animation
Winnie the Pooh (2011),91,animation
Rango (2011),88,animation
The Illusionist (L'illusionniste) (2010),91,animation
ParaNorman (2012),88,animation
The Peanuts Movie (2015),87,animation
Kung Fu Panda (2008),87,animation
Wreck-it Ralph (2012),87,animation
Millennium Actress (Sennen joyû) (2001),92,animation
When Marnie Was There (2015),90,animation
The Secret of Kells (2010),91,animation
Howl's Moving Castle (2005),87,animation
Tarzan (1999),88,animation
Kung Fu Panda 3 (2016),86,animation
The Boy And The Beast (Bakemono No Ko) (2016),90,animation
Captain Underpants: The First Epic Movie (Captain Underpants) (2017),87,animation
Sausage Party (2016),83,animation
Tokyo Godfathers (2003),90,animation
Mary and The Witch's Flower (2018),88,animation
My Dog Tulip (2010),90,animation
The Pirates! Band of Misfits (2012),86,animation
The Princess and the Frog (2009),85,animation
Loving Vincent (2017),85,animation
Akira (1988),87,animation
Tim Burton's Corpse Bride (2005),84,animation
The Cabinet of Dr. Caligari (Das Cabinet des Dr. Caligari) (1920),100,art_house|international
Metropolis (1927),99,art_house|international
La Grande illusion (Grand Illusion) (1938),97,art_house|international
"Nosferatu, a Symphony of Horror (Nosferatu, eine Symphonie des Grauens) (Nosferatu the Vampire) (1922)",97,art_house|international
The Battle of Algiers (La Battaglia di Algeri) (1967),98,art_house|international
M (1931),100,art_house|international
Seven Samurai (Shichinin no Samurai) (1956),100,art_house|international
The 400 Blows (Les Quatre cents coups) (1959),100,art_house|international
Army of Shadows (L'Armée des ombres) (1969),97,art_house|international
Rashômon (1951),98,art_house|international
The Wages of Fear (1953),100,art_house|international
Open City (1946),100,art_house|international
Tokyo Story (Tôkyô monogatari) (1953),100,art_house|international
The Leopard (1963),100,art_house|international
Battleship Potemkin (1925),100,art_house|international
The Conformist (1970),98,art_house|international
Au Hasard Balthazar (1966),100,art_house|international
Things to Come (L'avenir) (2016),100,art_house|international
La Dolce Vita (1960),97,art_house|international
Let the Right One In (2008),98,art_house|international
Playtime (1973),100,art_house|international
The Discreet Charm Of The Bourgeoisie (Le Charme Discret de la Bourgeoisie) (1972),98,art_house|international
The Rules of the Game (La règle du jeu) (1939),98,art_house|international
"Faces Places (Visages, villages) (2017)",99,art_house|international
The Passion of Joan of Arc (La Passion de Jeanne d'Arc) (1928),98,art_house|international
Only Yesterday (1991),100,art_house|international
Tampopo (1985),100,art_house|international
The Salesman (Forushande) (2017),96,art_house|international
Throne of Blood (1957),98,art_house|international
A Separation (2011),99,art_house|international
"Aguirre, the Wrath of God (Aguirre, der Zorn Gottes) (1972)",98,art_house|international
Eyes Without a Face (1962),98,art_house|international
Gloria (2014),99,art_house|international
8 1/2 (1963),98,art_house|international
Pather Panchali (1955),98,art_house|international
The Umbrellas of Cherbourg (Les Parapluies de Cherbourg) (1964),98,art_house|international
A Fantastic Woman (Una mujer fantástica) (2018),94,art_house|international
Three Colors: Red (Trois couleurs: Rouge) (1994),100,art_house|international
My Life as a Zucchini (Ma vie de courgette) (2017),98,art_house|international
Le Cercle Rouge (1970),95,art_house|international
The Tale of the Princess Kaguya (2014),100,art_house|international
Amy (2015),95,art_house|international
BPM (Beats Per Minute) (120 battements par minute) (2017),98,art_house|international
Sing Street (2016),95,art_house|international
Ran (1985),96,art_house|international
A Fistful of Dollars (Per un Pugno di Dollari) (1964),98,art_house|international
GETT: The Trial of Viviane Amsalem (2015),100,art_house|international
Solaris (1976),96,art_house|international
Wings of Desire (1987),98,art_house|international
The Young Girls of Rochefort (Les Demoiselles de Rochefort) (1968),98,art_house|international
Gojira (1956),93,art_house|international
"Crouching Tiger, Hidden Dragon (2001)",97,art_house|international
Timbuktu (2015),98,art_house|international
Jiro Dreams of Sushi (2012),99,art_house|international
Diva (1981),98,art_house|international
Aruitemo Aruitemo (Still Walking) (2008),100,art_house|international
The Taste of Others (Le goût des autres) (2000),100,art_house|international
All About My Mother (Todo sobre mi madre) (1999),98,art_house|international
Toni Erdmann (2016),93,art_house|international
Waste Land (2010),100,art_house|international
The Band's Visit (2007),98,art_house|international
Poetry (2011),100,art_house|international
The Vanishing (Spoorloos) (1988),98,art_house|international
Loveless (Nelyubov) (2018),94,art_house|international
Elevator to the Gallows (Ascenseur pour l'échafaud) (1958),93,art_house|international
God's Own Country (2017),97,art_house|international
Afghan Star (2009),100,art_house|international
A Prophet (Un prophete) (2010),97,art_house|international
Waltz with Bashir (2008),96,art_house|international
Three Colors: Blue (Trois Couleurs: Bleu) (1993),98,art_house|international
Embrace Of The Serpent (El Abrazo De La Serpiente) (2016),96,art_house|international
After the Storm (Umi yori mo mada fukaku) (2017),96,art_house|international
About Elly (2015),99,art_house|international
Fireworks Wednesday (Chaharshanbe-soori) (2016),100,art_house|international
Last Train Home (2010),100,art_house|international
The Seventh Seal (Det Sjunde inseglet) (1957),93,art_house|international
Project Nim (2011),97,art_house|international
Monsieur Lazhar (2012),97,art_house|international
Mafioso (1964),96,art_house|international
Maria Full of Grace (2004),97,art_house|international
Hero (2004),95,art_house|international
An Education (2009),95,art_house|international
Nostalgia for the Light (2011),100,art_house|international
Amour (2012),93,art_house|international
L'Avventura (1960),95,art_house|international
The Look of Silence (2015),96,art_house|international
Rivers and Tides: Andy Goldsworthy Working With Time (2002),99,art_house|international
Moolaadé (2004),99,art_house|international
The Class (2008),95,art_house|international
The Man Without a Past (2002),98,art_house|international
The Twilight Samurai (Tasogare Seibei) (2004),99,art_house|international
The Kid with a Bike (2012),96,art_house|international
This Is Not a Film (2012),97,art_house|international
Rififi (Du Rififi Chez les Hommes) (1956),94,art_house|international
The Secret World of Arrietty (2012),95,art_house|international
Elle (2016),91,art_house|international
District 9 (2009),90,art_house|international
Ernest & Célestine (2014),97,art_house|international
"Sex, Lies, and Videotape (1989)",96,art_house|international
The Red Turtle (La tortue rouge) (2017),93,art_house|international
The Wizard of Oz (1939),98,classics
Citizen Kane (1941),100,classics
The Third Man (1949),99,classics
The Cabinet of Dr. Caligari (Das Cabinet des Dr. Caligari) (1920),100,classics
All About Eve (1950),100,classics
Metropolis (1927),99,classics
It Happened One Night (1934),98,classics
Modern Times (1936),100,classics
Casablanca (1942),97,classics
La Grande illusion (Grand Illusion) (1938),97,classics
Singin' in the Rain (1952),100,classics
Psycho (1960),97,classics
Laura (1944),100,classics
A Hard Day's Night (1964),98,classics
King Kong (1933),98,classics
"Nosferatu, a Symphony of Horror (Nosferatu, eine Symphonie des Grauens) (Nosferatu the Vampire) (1922)",97,classics
Snow White and the Seven Dwarfs (1937),98,classics
The Adventures of Robin Hood (1938),100,classics
Repulsion (1965),100,classics
North by Northwest (1959),99,classics
Sunset Boulevard (1950),98,classics
Rear Window (1954),100,classics
The Bride of Frankenstein (1935),100,classics
The Philadelphia Story (1940),100,classics
Touch of Evil (1958),96,classics
Seven Samurai (Shichinin no Samurai) (1956),100,classics
All Quiet on the Western Front (1930),100,classics
12 Angry Men (Twelve Angry Men) (1957),100,classics
The Treasure of the Sierra Madre (1948),100,classics
A Streetcar Named Desire (1951),98,classics
Vertigo (1958),96,classics
The 400 Blows (Les Quatre cents coups) (1959),100,classics
Rebecca (1940),100,classics
Lawrence of Arabia (1962),98,classics
Rosemary's Baby (1968),99,classics
Dr. Strangelove Or How I Learned to Stop Worrying and Love the Bomb (1964),99,classics
Frankenstein (1931),100,classics
Rashômon (1951),98,classics
On the Waterfront (1954),98,classics
The Grapes of Wrath (1940),100,classics
The Big Sleep (1946),97,classics
Roman Holiday (1953),98,classics
The Lady Vanishes (1938),98,classics
The Last Picture Show (1971),100,classics
Cool Hand Luke (1967),100,classics
The Leopard (1963),100,classics
Chinatown (1974),98,classics
Battleship Potemkin (1925),100,classics
The Searchers (1956),100,classics
Anatomy of a Murder (1959),100,classics
Invasion of the Body Snatchers (1956),98,classics
Gone With the Wind (1939),92,classics
An American in Paris (1951),95,classics
The Gold Rush (1925),100,classics
The 39 Steps (1935),96,classics
The Red Shoes (1948),96,classics
Rio Bravo (1959),100,classics
Sweet Smell of Success (1957),98,classics
To Be or Not to Be (1942),98,classics
Mary Poppins (1964),100,classics
The African Queen (1951),98,classics
City Lights (1931),98,classics
Miracle on 34th Street (1947),96,classics
2001: A Space Odyssey (1968),93,classics
His Girl Friday (1940),98,classics
It's a Wonderful Life (1946),93,classics
Night of the Living Dead (1968),97,classics
The French Connection (1971),98,classics
The Passion of Joan of Arc (La Passion de Jeanne d'Arc) (1928),98,classics
Throne of Blood (1957),98,classics
Badlands (1974),98,classics
The Manchurian Candidate (1962),98,classics
Gentlemen Prefer Blondes (1953),98,classics
Freaks (1932),94,classics
The Birth of a Nation (1915),98,classics
Spartacus (1960),96,classics
Forbidden Planet (1956),98,classics
The Best Years of Our Lives (1946),96,classics
101 Dalmatians (1961),98,classics
Goldfinger (1964),97,classics
Paths of Glory (1957),95,classics
Bringing Up Baby (1938),95,classics
Some Like It Hot (1959),96,classics
Duck Soup (1933),94,classics
Fantasia (1940),96,classics
Sunrise: A Song of Two Humans (1927),98,classics
The Day the Earth Stood Still (1951),94,classics
Ran (1985),96,classics
Rebel Without a Cause (1955),96,classics
Peeping Tom (1960),96,classics
A Fistful of Dollars (Per un Pugno di Dollari) (1964),98,classics
The Lord of the Rings: The Two Towers (2002),95,classics
The Apartment (1960),94,classics
The Birds (1963),96,classics
The Young Girls of Rochefort (Les Demoiselles de Rochefort) (1968),98,classics
One Flew Over the Cuckoo's Nest (1975),94,classics
The Bridge on the River Kwai (1957),94,classics
Dr. No (1962),96,classics
Mean Streets (1973),96,classics
Don't Look Now (1973),96,classics
Lady Bird (2017),99,comedy
BlacKkKlansman (2018),95,comedy
Coco (2017),97,comedy
It Happened One Night (1934),98,comedy
Modern Times (1936),100,comedy
Paddington 2 (2018),100,comedy
The Big Sick (2017),98,comedy
Eighth Grade (2018),99,comedy
Singin' in the Rain (1952),100,comedy
A Hard Day's Night (1964),98,comedy
La La Land (2016),91,comedy
The Philadelphia Story (1940),100,comedy
Toy Story 2 (1999),100,comedy
Zootopia (2016),97,comedy
Up (2009),98,comedy
"Three Billboards Outside Ebbing, Missouri (2017)",91,comedy
Toy Story 3 (2010),98,comedy
Finding Nemo (2003),99,comedy
Dr. Strangelove Or How I Learned to Stop Worrying and Love the Bomb (1964),99,comedy
The Death of Stalin (2018),96,comedy
Roman Holiday (1953),98,comedy
Toy Story (1995),100,comedy
The LEGO Movie (2014),96,comedy
Ant-Man and the Wasp (2018),88,comedy
Crazy Rich Asians (2018),91,comedy
Monty Python and the Holy Grail (1975),97,comedy
Paterson (2016),96,comedy
Sorry to Bother You (2018),93,comedy
The Gold Rush (1925),100,comedy
Shaun the Sheep Movie (2015),99,comedy
La Dolce Vita (1960),97,comedy
To Be or Not to Be (1942),98,comedy
Mary Poppins (1964),100,comedy
City Lights (1931),98,comedy
Birdman (2014),91,comedy
Love & Friendship (2016),97,comedy
Playtime (1973),100,comedy
The Disaster Artist (2017),91,comedy
Annie Hall (1977),97,comedy
The Discreet Charm Of The Bourgeoisie (Le Charme Discret de la Bourgeoisie) (1972),98,comedy
The Artist (2011),95,comedy
His Girl Friday (1940),98,comedy
Ratatouille (2007),96,comedy
The Rules of the Game (La règle du jeu) (1939),98,comedy
Tampopo (1985),100,comedy
Isle of Dogs (2018),89,comedy
The Incredibles (2004),97,comedy
Gentlemen Prefer Blondes (1953),98,comedy
The Nice Guys (2016),92,comedy
Yellow Submarine (1968),97,comedy
Paddington (2015),98,comedy
Spy (2015),94,comedy
Chicken Run (2000),97,comedy
Logan Lucky (2017),92,comedy
Hunt for the Wilderpeople (2016),96,comedy
101 Dalmatians (1961),98,comedy
Airplane! (1980),97,comedy
Ghostbusters (1984 Original) (1984),97,comedy
Bringing Up Baby (1938),95,comedy
Big (1988),97,comedy
Some Like It Hot (1959),96,comedy
Duck Soup (1933),94,comedy
The Player (1992),98,comedy
Don't Think Twice (2016),98,comedy
"Monsters, Inc. (2001)",96,comedy
The Lego Batman Movie (2017),90,comedy
Monty Python's Life of Brian (1979),97,comedy
The Grand Budapest Hotel (2014),91,comedy
Sideways (2004),96,comedy
The Apartment (1960),94,comedy
Back to the Future (1985),96,comedy
The Edge of Seventeen (2016),95,comedy
Groundhog Day (1993),96,comedy
What We Do In The Shadows (2015),96,comedy
Tangerine (2015),97,comedy
Bull Durham (1988),97,comedy
Who Framed Roger Rabbit (1988),97,comedy
Moonrise Kingdom (2012),93,comedy
Anomalisa (2015),92,comedy
Lost In Translation (2003),95,comedy
Enough Said (2013),95,comedy
Broadcast News (1987),98,comedy
The Taste of Others (Le goût des autres) (2000),100,comedy
The Muppets (2011),95,comedy
The Band's Visit (2007),98,comedy
Hannah Gadsby: Nanette (2018),100,comedy
Repo Man (1984),98,comedy
The Truman Show (1998),94,comedy
Le Havre (2011),99,comedy
Say Anything... (1989),98,comedy
Wallace & Gromit: The Curse of the Were-Rabbit (2005),95,comedy
Hairspray (1988),98,comedy
Silver Linings Playbook (2012),92,comedy
American Graffiti (1973),96,comedy
Monsieur Lazhar (2012),97,comedy
Juno (2007),94,comedy
Mafioso (1964),96,comedy
We Are the Best! (2014),96,comedy
Manhattan (1979),95,comedy
Bullets Over Broadway (1994),97,comedy
Won't You Be My Neighbor? (2018),98,documentary
I Am Not Your Negro (2017),98,documentary
Man on Wire (2008),100,documentary
Life Itself (2014),97,documentary
"Faces Places (Visages, villages) (2017)",99,documentary
20 Feet From Stardom (2013),99,documentary
Three Identical Strangers (2018),96,documentary
The Last Waltz (1978),98,documentary
Amy (2015),95,documentary
Taxi to the Dark Side (2007),100,documentary
Kedi (2017),98,documentary
Blackfish (2013),98,documentary
Citizenfour (2014),97,documentary
Murderball (2005),98,documentary
Minding the Gap (2018),100,documentary
Shirkers (2018),100,documentary
Tower (2016),99,documentary
Weiner (2016),96,documentary
Inside Job (2010),98,documentary
The Missing Picture (2014),99,documentary
Deliver Us from Evil (2006),100,documentary
Seymour: An Introduction (2015),100,documentary
RBG (2018),95,documentary
Anvil! The Story of Anvil (2009),98,documentary
Jiro Dreams of Sushi (2012),99,documentary
Bright Lights: Starring Carrie Fisher and Debbie Reynolds (2017),100,documentary
The Square (Al Midan) (2013),100,documentary
Waste Land (2010),100,documentary
Hoop Dreams (1994),98,documentary
"Mr. Death: The Rise and Fall of Fred A. Leuchter, Jr. (1999)",100,documentary
Strong Island (2017),100,documentary
Afghan Star (2009),100,documentary
Capturing the Friedmans (2003),97,documentary
Waltz with Bashir (2008),96,documentary
Iris (2015),98,documentary
The Overnighters (2014),99,documentary
Jodorowsky's Dune (2014),97,documentary
The Interrupters (2011),99,documentary
How to Survive a Plague (2012),99,documentary
March of the Penguins (2005),95,documentary
56 Up (2013),99,documentary
Last Train Home (2010),100,documentary
The Invisible War (2012),99,documentary
Kurt Cobain: Montage Of Heck (2015),98,documentary
Project Nim (2011),97,documentary
Spellbound (2002),97,documentary
Everyday Sunshine: The Story of Fishbone (2011),100,documentary
Nostalgia for the Light (2011),100,documentary
We Were Here (2011),100,documentary
Enron: The Smartest Guys in the Room (2005),97,documentary
Bill Cunningham New York (2011),99,documentary
The Look of Silence (2015),96,documentary
Rivers and Tides: Andy Goldsworthy Working With Time (2002),99,documentary
When We Were Kings (1996),98,documentary
The Act Of Killing (2013),95,documentary
13th (2016),97,documentary
This Is Not a Film (2012),97,documentary
Elaine Stritch: Shoot Me (2014),98,documentary
Hitchcock/Truffaut (2015),96,documentary
The King of Kong: A Fistful of Quarters (2007),97,documentary
The Fog of War: Eleven Lessons from the Life of Robert S. McNamara (2003),96,documentary
Bowling for Columbine (2002),95,documentary
The Imposter (2012),96,documentary
The War Tapes (2006),98,documentary
Cave of Forgotten Dreams (2011),96,documentary
West of Memphis (2012),96,documentary
The Beatles: Eight Days a Week - The Touring Years (2016),96,documentary
Ai Weiwei: Never Sorry (2012),97,documentary
Beware Of Mr. Baker (2012),98,documentary
Jafar Panahi's Taxi (2015),96,documentary
Marwencol (2010),98,documentary
Undefeated (2012),96,documentary
Sicko (2007),92,documentary
Finders Keepers (2015),98,documentary
Mea Maxima Culpa: Silence In The House Of God (2012),98,documentary
Blindsight (2006),98,documentary
Sound City (2013),98,documentary
The Devil Came on Horseback (2007),98,documentary
Call Me Kuchu (2013),98,documentary
The Island President (2012),98,documentary
For the Bible Tells Me So (2007),98,documentary
Welcome To Leith (2015),98,documentary
Keep On Keepin' On (2014),98,documentary
Let The Fire Burn (2013),98,documentary
Restrepo (2010),96,documentary
The Life and Times of Hank Greenberg (2000),97,documentary
Born To Be Wild (2011),98,documentary
Surfwise (2007),98,documentary
"Lo and Behold, Reveries of the Connected World (2016)",94,documentary
Bus 174 (Ônibus 174) (2003),97,documentary
Stories We Tell (2013),94,documentary
Wordplay (2006),95,documentary
Control Room (2004),96,documentary
Burma VJ: Reporter i et Lukket Land (Burma VJ: Reporting from a Closed Country) (2008),97,documentary
No End in Sight (2007),96,documentary
49 Up (2006),97,documentary
The Cove (2009),95,documentary
Winged Migration (2003),95,documentary
Muscle Shoals (2013),96,documentary
The Queen of Versailles (2012),95,documentary
Black Panther (2018),97,drama
Lady Bird (2017),99,drama
Citizen Kane (1941),100,drama
BlacKkKlansman (2018),95,drama
Moonlight (2016),98,drama
Wonder Woman (2017),93,drama
All About Eve (1950),100,drama
Metropolis (1927),99,drama
A Quiet Place (2018),95,drama
Spotlight (2015),97,drama
Dunkirk (2017),92,drama
Selma (2015),99,drama
Casablanca (1942),97,drama
La Grande illusion (Grand Illusion) (1938),97,drama
The Godfather (1972),98,drama
Call Me by Your Name (2018),95,drama
Arrival (2016),94,drama
Leave No Trace (2018),100,drama
Star Wars: The Last Jedi (2017),91,drama
Logan (2017),93,drama
The Shape of Water (2017),92,drama
Boyhood (2014),97,drama
The Maltese Falcon (1941),100,drama
Gravity (2013),96,drama
12 Years a Slave (2013),95,drama
Argo (2012),96,drama
Repulsion (1965),100,drama
Sunset Boulevard (1950),98,drama
Thor: Ragnarok (2017),92,drama
Rear Window (1954),100,drama
The Battle of Algiers (La Battaglia di Algeri) (1967),98,drama
Baby Driver (2017),93,drama
The Florida Project (2017),96,drama
Alien (1979),97,drama
La La Land (2016),91,drama
Manchester by the Sea (2016),95,drama
Bicycle Thieves (Ladri di biciclette) (1949),98,drama
M (1931),100,drama
Taxi Driver (1976),98,drama
Touch of Evil (1958),96,drama
Seven Samurai (Shichinin no Samurai) (1956),100,drama
Spider-Man: Homecoming (2017),92,drama
All Quiet on the Western Front (1930),100,drama
Hell or High Water (2016),97,drama
War for the Planet of the Apes (2017),93,drama
12 Angry Men (Twelve Angry Men) (1957),100,drama
The Treasure of the Sierra Madre (1948),100,drama
"Three Billboards Outside Ebbing, Missouri (2017)",91,drama
The Babadook (2014),98,drama
A Streetcar Named Desire (1951),98,drama
Vertigo (1958),96,drama
The 400 Blows (Les Quatre cents coups) (1959),100,drama
Rebecca (1940),100,drama
Brooklyn (2015),97,drama
The Night of the Hunter (1955),98,drama
Lawrence of Arabia (1962),98,drama
Army of Shadows (L'Armée des ombres) (1969),97,drama
The Dark Knight (2008),94,drama
The Death of Stalin (2018),96,drama
The Wrestler (2008),98,drama
Rashômon (1951),98,drama
Jaws (1975),97,drama
The Wages of Fear (1953),100,drama
L.A. Confidential (1997),99,drama
Creed (2015),95,drama
Open City (1946),100,drama
On the Waterfront (1954),98,drama
Harry Potter and the Deathly Hallows - Part 2 (2011),96,drama
The Grapes of Wrath (1940),100,drama
Tokyo Story (Tôkyô monogatari) (1953),100,drama
The Big Sleep (1946),97,drama
Roman Holiday (1953),98,drama
The Hurt Locker (2009),97,drama
The Last Picture Show (1971),100,drama
Cool Hand Luke (1967),100,drama
The Leopard (1963),100,drama
Star Wars: Episode IV - A New Hope (1977),93,drama
Paterson (2016),96,drama
Phantom Thread (2018),91,drama
Room (2015),94,drama
Hidden Figures (2017),93,drama
"I, Tonya (2018)",89,drama
"The Godfather, Part II (1974)",97,drama
Chinatown (1974),98,drama
Battleship Potemkin (1925),100,drama
The Searchers (1956),100,drama
The Post (2018),88,drama
Anatomy of a Murder (1959),100,drama
Gone With the Wind (1939),92,drama
Carol (2015),94,drama
Nightcrawler (2014),95,drama
Star Trek (2009),94,drama
Before Midnight (2013),98,drama
The Conformist (1970),98,drama
Au Hasard Balthazar (1966),100,drama
Things to Come (L'avenir) (2016),100,drama
The Red Shoes (1948),96,drama
Schindler's List (1993),97,drama
La Dolce Vita (1960),97,drama
Sweet Smell of Success (1957),98,drama
Get Out (2017),98,horror
The Cabinet of Dr. Caligari (Das Cabinet des Dr. Caligari) (1920),100,horror
A Quiet Place (2018),95,horror
Psycho (1960),97,horror
King Kong (1933),98,horror
"Nosferatu, a Symphony of Horror (Nosferatu, eine Symphonie des Grauens) (Nosferatu the Vampire) (1922)",97,horror
Repulsion (1965),100,horror
The Bride of Frankenstein (1935),100,horror
The Babadook (2014),98,horror
Rosemary's Baby (1968),99,horror
Frankenstein (1931),100,horror
Aliens (1986),99,horror
It Follows (2015),96,horror
Let the Right One In (2008),98,horror
Night of the Living Dead (1968),97,horror
Hereditary (2018),89,horror
Eyes Without a Face (1962),98,horror
Freaks (1932),94,horror
The Witch (2016),91,horror
The Silence of the Lambs (1991),96,horror
Pan's Labyrinth (2006),95,horror
Evil Dead 2: Dead by Dawn (1987),98,horror
The Birds (1963),96,horror
Halloween (1978),95,horror
Gojira (1956),93,horror
Don't Look Now (1973),96,horror
The Vanishing (Spoorloos) (1988),98,horror
The Innocents (1961),96,horror
The Cabin in the Woods (2012),91,horror
A Girl Walks Home Alone at Night (2014),96,horror
Drag Me to Hell (2009),92,horror
It (2017),85,horror
Invasion of the Body Snatchers (1978),94,horror
The Evil Dead (1981),95,horror
The Endless (2018),95,horror
Carrie (1976),93,horror
Re-Animator (1985),95,horror
Young Frankenstein (1974),93,horror
The Loved Ones (2012),98,horror
Nosferatu: Phantom der Nacht (Nosferatu the Vampyre) (1979),94,horror
The Love Witch (2016),95,horror
Room 237 (2013),94,horror
Suspiria (1977),93,horror
Train to Busan (Busanhaeng) (2016),95,horror
A Nightmare on Elm Street (1984),94,horror
Shaun of the Dead (2004),92,horror
The Host (2007),93,horror
Dracula (1931),91,horror
The Fly (1986),92,horror
Zombieland (2009),90,horror
What Ever Happened to Baby Jane? (1962),92,horror
CAM (2018),94,horror
Eraserhead (1977),91,horror
It Comes At Night (2017),87,horror
Dawn of the Dead (1979),93,horror
Don't Breathe (2016),88,horror
Phantom Of The Opera (1925),91,horror
We Are Still Here (2015),95,horror
The Wicker Man (1973),90,horror
Little Shop of Horrors (1986),90,horror
The Texas Chainsaw Massacre (1974),88,horror
Let Me In (2010),88,horror
Frankenweenie (2012),87,horror
Upgrade (2018),87,horror
Halloween (2018),79,horror
The Blair Witch Project (1999),87,horror
The Exorcist (1973),86,horror
The Conjuring (2013),86,horror
The Dead Zone (1983),90,horror
Bone Tomahawk (2015),91,horror
Misery (1990),89,horror
The Shining (1980),86,horror
Cronos (1994),90,horror
The Orphanage (2007),87,horror
28 Days Later (2003),86,horror
Gerald's Game (2017),90,horror
The Devil's Candy (2017),91,horror
An American Werewolf in London (1981),88,horror
Near Dark (1987),88,horror
Poltergeist (1982),86,horror
Henry: Portrait of a Serial Killer (1986),86,horror
This Is the End (2013),83,horror
Chronicle (2012),85,horror
The Descent (2006),85,horror
The Omen (1976),86,horror
Donnie Darko: The Director's Cut (2004),90,horror
Save the Green Planet (2004),90,horror
Slither (2006),86,horror
Ginger Snaps (2001),89,horror
The Autopsy of Jane Doe (2016),87,horror
A Field in England (2014),88,horror
Backcountry (2015),89,horror
"Goodnight Mommy (Ich seh, Ich seh) (2015)",85,horror
Altered States (1980),86,horror
The Thing (1982),84,horror
Better Watch Out (2017),88,horror
They Live (1988),85,horror
The House of the Devil (2009),87,horror
The Conjuring 2 (2016),80,horror
The Others (2001),84,horror
The Wizard of Oz (1939),98,kids|family
Inside Out (2015),98,kids|family
E.T. The Extra-Terrestrial (1982),98,kids|family
Coco (2017),97,kids|family
Paddington 2 (2018),100,kids|family
Incredibles 2 (2018),94,kids|family
Snow White and the Seven Dwarfs (1937),98,kids|family
Toy Story 2 (1999),100,kids|family
Up (2009),98,kids|family
The Jungle Book (2016),95,kids|family
Toy Story 3 (2010),98,kids|family
Finding Nemo (2003),99,kids|family
Pinocchio (1940),100,kids|family
Harry Potter and the Deathly Hallows - Part 2 (2011),96,kids|family
Toy Story (1995),100,kids|family
The LEGO Movie (2014),96,kids|family
Moana (2016),95,kids|family
Mary Poppins (1964),100,kids|family
Miracle on 34th Street (1947),96,kids|family
It's a Wonderful Life (1946),93,kids|family
Ratatouille (2007),96,kids|family
How to Train Your Dragon (2010),98,kids|family
The Incredibles (2004),97,kids|family
Yellow Submarine (1968),97,kids|family
Paddington (2015),98,kids|family
Beauty and the Beast (1991),94,kids|family
Chicken Run (2000),97,kids|family
The Princess Bride (1987),97,kids|family
My Life as a Zucchini (Ma vie de courgette) (2017),98,kids|family
101 Dalmatians (1961),98,kids|family
The Nightmare Before Christmas (1993),95,kids|family
Big (1988),97,kids|family
Fantasia (1940),96,kids|family
"Monsters, Inc. (2001)",96,kids|family
The Lego Batman Movie (2017),90,kids|family
The Iron Giant (1999),96,kids|family
Spirited Away (2002),97,kids|family
Song Of The Sea (2014),99,kids|family
Who Framed Roger Rabbit (1988),97,kids|family
Babe (1995),97,kids|family
The Lion King (1994),93,kids|family
The Muppets (2011),95,kids|family
About Elly (2015),99,kids|family
Wallace & Gromit: The Curse of the Were-Rabbit (2005),95,kids|family
My Fair Lady (1964),96,kids|family
The Straight Story (1999),96,kids|family
Hugo (2011),93,kids|family
Aladdin (1992),94,kids|family
Fantastic Mr. Fox (2009),92,kids|family
Enchanted (2007),93,kids|family
Frozen (2013),90,kids|family
The Breadwinner (2017),95,kids|family
Coraline (2009),90,kids|family
Lady and the Tramp (1955),93,kids|family
Antz (1998),93,kids|family
Jason and the Argonauts (1963),93,kids|family
How to Train Your Dragon 2 (2014),91,kids|family
Bambi (1942),90,kids|family
The Secret of Roan Inish (1995),95,kids|family
My Neighbor Totoro (1988),94,kids|family
Big Hero 6 (2014),89,kids|family
Harry Potter and the Prisoner of Azkaban (2004),90,kids|family
The Little Mermaid (1989),92,kids|family
Spy Kids (2001),93,kids|family
How Green Was My Valley (1941),90,kids|family
L'Heure d'été (Summer Hours) (2009),94,kids|family
Pete's Dragon (2016),88,kids|family
A Bug's Life (1998),92,kids|family
Princess Mononoke (Mononoke-hime) (1999),92,kids|family
A Monster Calls (2017),86,kids|family
Arthur Christmas (2011),92,kids|family
Harry Potter and the Goblet of Fire (2005),88,kids|family
James and the Giant Peach (1996),92,kids|family
That Thing You Do! (1996),93,kids|family
Teen Titans Go! To the Movies (2018),91,kids|family
Willy Wonka and the Chocolate Factory (1971),91,kids|family
Ponyo (2009),91,kids|family
Shrek 2 (2004),89,kids|family
Tangled (2010),89,kids|family
First Position (2012),93,kids|family
Shrek (2001),88,kids|family
Lassie (2006),93,kids|family
Duma (2005),93,kids|family
Winnie the Pooh (2011),91,kids|family
Rango (2011),88,kids|family
A Christmas Story (1983),89,kids|family
ParaNorman (2012),88,kids|family
The Peanuts Movie (2015),87,kids|family
The Sound of Music (1965),85,kids|family
Kung Fu Panda (2008),87,kids|family
Wreck-it Ralph (2012),87,kids|family
Millions (2005),88,kids|family
The Secret of Kells (2010),91,kids|family
Howl's Moving Castle (2005),87,kids|family
Cinderella (2015),84,kids|family
Disneynature Bears (2014),91,kids|family
The Muppet Movie (1979),88,kids|family
Harry Potter and the Half-Blood Prince (2009),83,kids|family
The Karate Kid (1984),88,kids|family
Freaky Friday (2003),87,kids|family
The Wizard of Oz (1939),98,musical|performing_arts
Singin' in the Rain (1952),100,musical|performing_arts
A Hard Day's Night (1964),98,musical|performing_arts
La La Land (2016),91,musical|performing_arts
Pinocchio (1940),100,musical|performing_arts
An American in Paris (1951),95,musical|performing_arts
The Red Shoes (1948),96,musical|performing_arts
Mary Poppins (1964),100,musical|performing_arts
Gentlemen Prefer Blondes (1953),98,musical|performing_arts
Yellow Submarine (1968),97,musical|performing_arts
The Umbrellas of Cherbourg (Les Parapluies de Cherbourg) (1964),98,musical|performing_arts
Beauty and the Beast (1991),94,musical|performing_arts
20 Feet From Stardom (2013),99,musical|performing_arts
The Last Waltz (1978),98,musical|performing_arts
Amy (2015),95,musical|performing_arts
Some Like It Hot (1959),96,musical|performing_arts
Fantasia (1940),96,musical|performing_arts
Sing Street (2016),95,musical|performing_arts
The Young Girls of Rochefort (Les Demoiselles de Rochefort) (1968),98,musical|performing_arts
Once (2007),97,musical|performing_arts
Anvil! The Story of Anvil (2009),98,musical|performing_arts
The Lion King (1994),93,musical|performing_arts
Waste Land (2010),100,musical|performing_arts
West Side Story (1961),94,musical|performing_arts
Amadeus (1984),94,musical|performing_arts
Afghan Star (2009),100,musical|performing_arts
Hairspray (1988),98,musical|performing_arts
We Are the Best! (2014),96,musical|performing_arts
Everyday Sunshine: The Story of Fishbone (2011),100,musical|performing_arts
Bill Cunningham New York (2011),99,musical|performing_arts
My Fair Lady (1964),96,musical|performing_arts
Rivers and Tides: Andy Goldsworthy Working With Time (2002),99,musical|performing_arts
Johnny Guitar (1954),95,musical|performing_arts
What's Love Got To Do With It? (1993),96,musical|performing_arts
Aladdin (1992),94,musical|performing_arts
Beware Of Mr. Baker (2012),98,musical|performing_arts
Sound City (2013),98,musical|performing_arts
Nashville (1975),92,musical|performing_arts
Keep On Keepin' On (2014),98,musical|performing_arts
Wordplay (2006),95,musical|performing_arts
49 Up (2006),97,musical|performing_arts
The Full Monty (1997),96,musical|performing_arts
Muscle Shoals (2013),96,musical|performing_arts
Marley (2012),95,musical|performing_arts
Hairspray (2007),91,musical|performing_arts
Searching for Sugar Man (2012),94,musical|performing_arts
Les Plages d'Agnès (The Beaches of Agnes) (2008),96,musical|performing_arts
Festival Express (2003),96,musical|performing_arts
"20,000 Days on Earth (2014)",95,musical|performing_arts
Exit Through The Gift Shop (2010),95,musical|performing_arts
Funny Girl (1968),93,musical|performing_arts
Love & Mercy (2015),90,musical|performing_arts
Born Into Brothels (2004),95,musical|performing_arts
Pina (2011),95,musical|performing_arts
Crumb (1995),95,musical|performing_arts
The Little Mermaid (1989),92,musical|performing_arts
Marina Abramovic: The Artist Is Present (2012),96,musical|performing_arts
Los Angeles Plays Itself (2003),96,musical|performing_arts
Straight Outta Compton (2015),88,musical|performing_arts
Lost in La Mancha (2003),94,musical|performing_arts
Lagaan: Once Upon a Time in India (2001),95,musical|performing_arts
Hedwig and the Angry Inch (2001),93,musical|performing_arts
Crazy Heart (2009),90,musical|performing_arts
My Kid Could Paint That (2007),94,musical|performing_arts
End of the Century: The Story of the Ramones (2004),95,musical|performing_arts
The Wrecking Crew (2015),94,musical|performing_arts
Willy Wonka and the Chocolate Factory (1971),91,musical|performing_arts
Dave Chappelle's Block Party (2006),92,musical|performing_arts
The Filth and the Fury (2000),95,musical|performing_arts
The Sapphires (2013),91,musical|performing_arts
Sing Your Song (2012),95,musical|performing_arts
Tangled (2010),89,musical|performing_arts
A Band Called Death (2013),94,musical|performing_arts
Florence Foster Jenkins (2016),87,musical|performing_arts
My Architect (2004),93,musical|performing_arts
Little Shop of Horrors (1986),90,musical|performing_arts
Every Little Step (2009),92,musical|performing_arts
U2 3D (2007),92,musical|performing_arts
Sid and Nancy (1986),88,musical|performing_arts
Scratch (2002),93,musical|performing_arts
The Sound of Music (1965),85,musical|performing_arts
F for Fake (1974),88,musical|performing_arts
Ballets Russes (2005),92,musical|performing_arts
Standing in the Shadows of Motown (2002),91,musical|performing_arts
Shine (1996),91,musical|performing_arts
Born To Be Blue (2016),89,musical|performing_arts
Five Easy Pieces (1970),87,musical|performing_arts
Neil Young: Heart of Gold (2006),90,musical|performing_arts
Buena Vista Social Club (1999),91,musical|performing_arts
Topsy-Turvy (1999),89,musical|performing_arts
Chicago (2002),85,musical|performing_arts
Sweeney Todd: The Demon Barber of Fleet Street (2007),85,musical|performing_arts
The Devil and Daniel Johnston (2006),89,musical|performing_arts
The Muppet Movie (1979),88,musical|performing_arts
Caesar Must Die (2013),91,musical|performing_arts
Metallica: Some Kind of Monster (2004),89,musical|performing_arts
The Punk Singer (2013),90,musical|performing_arts
Control (2007),88,musical|performing_arts
Mamma Mia! Here We Go Again (2018),80,musical|performing_arts
Beats Rhymes & Life: The Travels of a Tribe Called Quest (2011),90,musical|performing_arts
Citizen Kane (1941),100,mystery|suspense
Get Out (2017),98,mystery|suspense
The Third Man (1949),99,mystery|suspense
The Cabinet of Dr. Caligari (Das Cabinet des Dr. Caligari) (1920),100,mystery|suspense
A Quiet Place (2018),95,mystery|suspense
Spotlight (2015),97,mystery|suspense
Arrival (2016),94,mystery|suspense
Psycho (1960),97,mystery|suspense
Laura (1944),100,mystery|suspense
The Maltese Falcon (1941),100,mystery|suspense
Argo (2012),96,mystery|suspense
Repulsion (1965),100,mystery|suspense
North by Northwest (1959),99,mystery|suspense
Rear Window (1954),100,mystery|suspense
Alien (1979),97,mystery|suspense
M (1931),100,mystery|suspense
Taxi Driver (1976),98,mystery|suspense
Touch of Evil (1958),96,mystery|suspense
Hell or High Water (2016),97,mystery|suspense
The Babadook (2014),98,mystery|suspense
Vertigo (1958),96,mystery|suspense
Rebecca (1940),100,mystery|suspense
The Night of the Hunter (1955),98,mystery|suspense
Rosemary's Baby (1968),99,mystery|suspense
Rashômon (1951),98,mystery|suspense
Jaws (1975),97,mystery|suspense
The Wages of Fear (1953),100,mystery|suspense
L.A. Confidential (1997),99,mystery|suspense
Harry Potter and the Deathly Hallows - Part 2 (2011),96,mystery|suspense
The Big Sleep (1946),97,mystery|suspense
The Lady Vanishes (1938),98,mystery|suspense
High Noon (1952),96,mystery|suspense
Skyfall (2012),92,mystery|suspense
"The Godfather, Part II (1974)",97,mystery|suspense
Chinatown (1974),98,mystery|suspense
The Post (2018),88,mystery|suspense
Anatomy of a Murder (1959),100,mystery|suspense
Invasion of the Body Snatchers (1956),98,mystery|suspense
Nightcrawler (2014),95,mystery|suspense
Strangers on a Train (1951),98,mystery|suspense
The 39 Steps (1935),96,mystery|suspense
The Salesman (Forushande) (2017),96,mystery|suspense
Badlands (1974),98,mystery|suspense
The Manchurian Candidate (1962),98,mystery|suspense
Eyes Without a Face (1962),98,mystery|suspense
Freaks (1932),94,mystery|suspense
The Conversation (1974),98,mystery|suspense
The Silence of the Lambs (1991),96,mystery|suspense
Forbidden Planet (1956),98,mystery|suspense
101 Dalmatians (1961),98,mystery|suspense
Goldfinger (1964),97,mystery|suspense
Le Cercle Rouge (1970),95,mystery|suspense
Sunrise: A Song of Two Humans (1927),98,mystery|suspense
Casino Royale (2006),94,mystery|suspense
Eye In The Sky (2016),95,mystery|suspense
All Is Lost (2013),94,mystery|suspense
The Guilty (Den skyldige) (2018),99,mystery|suspense
Blood Simple (1984),94,mystery|suspense
Peeping Tom (1960),96,mystery|suspense
Assault on Precinct 13 (1976),98,mystery|suspense
No Country for Old Men (2007),93,mystery|suspense
Looper (2012),93,mystery|suspense
The Birds (1963),96,mystery|suspense
Halloween (1978),95,mystery|suspense
The Fugitive (1993),96,mystery|suspense
Bridge of Spies (2015),91,mystery|suspense
Mad Max 2: The Road Warrior (1982),98,mystery|suspense
Searching (2018),92,mystery|suspense
Mandy (2018),92,mystery|suspense
Who Framed Roger Rabbit (1988),97,mystery|suspense
Close Encounters of the Third Kind (1977),96,mystery|suspense
Diva (1981),98,mystery|suspense
Dr. No (1962),96,mystery|suspense
Ex Machina (2015),92,mystery|suspense
Sicario (2015),92,mystery|suspense
Jurassic Park (1993),91,mystery|suspense
Don't Look Now (1973),96,mystery|suspense
10 Cloverfield Lane (2016),90,mystery|suspense
In the Line of Fire (1993),96,mystery|suspense
From Russia With Love (1964),96,mystery|suspense
The Vanishing (Spoorloos) (1988),98,mystery|suspense
Elevator to the Gallows (Ascenseur pour l'échafaud) (1958),93,mystery|suspense
In the Heat of the Night (1967),96,mystery|suspense
Wake in Fright (2012),100,mystery|suspense
Three Colors: Blue (Trois Couleurs: Bleu) (1993),98,mystery|suspense
Blue Ruin (2014),96,mystery|suspense
The Cabin in the Woods (2012),91,mystery|suspense
The Killer (1989),98,mystery|suspense
The Bourne Ultimatum (2007),92,mystery|suspense
To Catch a Thief (1955),95,mystery|suspense
Gone Girl (2014),87,mystery|suspense
The Imitation Game (2014),90,mystery|suspense
Blue Velvet (1986),94,mystery|suspense
L'Avventura (1960),95,mystery|suspense
Diabolique (Les Diaboliques) (1955),95,mystery|suspense
A Girl Walks Home Alone at Night (2014),96,mystery|suspense
Children of Men (2006),92,mystery|suspense
Wild Tales (2015),95,mystery|suspense
You Were Never Really Here (2018),89,mystery|suspense
Drag Me to Hell (2009),92,mystery|suspense
It Happened One Night (1934),98,romance
Casablanca (1942),97,romance
The Big Sick (2017),98,romance
Call Me by Your Name (2018),95,romance
Singin' in the Rain (1952),100,romance
The Shape of Water (2017),92,romance
The Adventures of Robin Hood (1938),100,romance
The Philadelphia Story (1940),100,romance
Vertigo (1958),96,romance
On the Waterfront (1954),98,romance
Roman Holiday (1953),98,romance
Gone With the Wind (1939),92,romance
An American in Paris (1951),95,romance
Carol (2015),94,romance
Before Midnight (2013),98,romance
The Red Shoes (1948),96,romance
The African Queen (1951),98,romance
City Lights (1931),98,romance
Beauty and The Beast (La Belle et la bête) (1946),95,romance
Miracle on 34th Street (1947),96,romance
Annie Hall (1977),97,romance
The Artist (2011),95,romance
Her (2013),94,romance
Only Yesterday (1991),100,romance
Gentlemen Prefer Blondes (1953),98,romance
The Umbrellas of Cherbourg (Les Parapluies de Cherbourg) (1964),98,romance
Beauty and the Beast (1991),94,romance
Three Colors: Red (Trois couleurs: Rouge) (1994),100,romance
The Princess Bride (1987),97,romance
The Best Years of Our Lives (1946),96,romance
Bringing Up Baby (1938),95,romance
Sunrise: A Song of Two Humans (1927),98,romance
The Hustler (1961),98,romance
Before Sunrise (1995),100,romance
Sideways (2004),96,romance
The Apartment (1960),94,romance
Groundhog Day (1993),96,romance
Wings of Desire (1987),98,romance
The Young Girls of Rochefort (Les Demoiselles de Rochefort) (1968),98,romance
Bull Durham (1988),97,romance
"Crouching Tiger, Hidden Dragon (2001)",97,romance
Sense and Sensibility (1995),98,romance
Lost In Translation (2003),95,romance
Enough Said (2013),95,romance
Titanic (1997),89,romance
Slumdog Millionaire (2008),91,romance
West Side Story (1961),94,romance
Elevator to the Gallows (Ascenseur pour l'échafaud) (1958),93,romance
God's Own Country (2017),97,romance
Your Name. (Kimi No Na Wa.) (2017),97,romance
Three Colors: Blue (Trois Couleurs: Bleu) (1993),98,romance
Say Anything... (1989),98,romance
To Catch a Thief (1955),95,romance
Daughters of the Dust (1991),98,romance
Manhattan (1979),95,romance
A Girl Walks Home Alone at Night (2014),96,romance
Shakespeare in Love (1998),92,romance
Giant (1956),95,romance
Up in the Air (2009),91,romance
Eternal Sunshine Of The Spotless Mind (2004),93,romance
The Lunchbox (2014),96,romance
Before Sunset (2004),95,romance
Dave (1993),95,romance
The Town (2010),93,romance
Midnight in Paris (2011),93,romance
From Here to Eternity (1953),92,romance
Four Weddings and a Funeral (1994),95,romance
A Summer's Tale (2014),98,romance
The Crying Game (1992),94,romance
Enchanted (2007),93,romance
Big Night (1996),96,romance
Howards End (1992),94,romance
Million Dollar Baby (2004),91,romance
About a Boy (2002),93,romance
The General (1927),94,romance
Knocked Up (2007),90,romance
Monsoon Wedding (2002),95,romance
Masculin Feminin (1966),92,romance
Hamlet (1996),95,romance
Revanche (2009),96,romance
To All the Boys I've Loved Before (2018),96,romance
Out of Sight (1998),93,romance
The Graduate (1967),89,romance
The Remains of the Day (1993),95,romance
Strictly Ballroom (1992),95,romance
The Spectacular Now (2013),92,romance
Moonstruck (1987),93,romance
The Little Mermaid (1989),92,romance
The Duke Of Burgundy (2015),94,romance
Brief Encounter (1945),90,romance
The Piano (1993),92,romance
Southside With You (2016),91,romance
Y Tu Mama Tambien (2001),92,romance
Lone Star (1996),94,romance
Hannah and Her Sisters (1986),91,romance
Crazy Heart (2009),90,romance
Kung Fu Hustle (2005),90,romance
Open Hearts (Elsker Dig For Evigt) (2002),95,romance
Obvious Child (2014),90,romance
Husbands and Wives (1992),93,romance
Black Panther (2018),97,science_fiction|fantasy
The Wizard of Oz (1939),98,science_fiction|fantasy
Mad Max: Fury Road (2015),97,science_fiction|fantasy
Wonder Woman (2017),93,science_fiction|fantasy
E.T. The Extra-Terrestrial (1982),98,science_fiction|fantasy
Metropolis (1927),99,science_fiction|fantasy
Arrival (2016),94,science_fiction|fantasy
Star Wars: The Last Jedi (2017),91,science_fiction|fantasy
Logan (2017),93,science_fiction|fantasy
The Shape of Water (2017),92,science_fiction|fantasy
Gravity (2013),96,science_fiction|fantasy
Star Wars: Episode VII - The Force Awakens (2015),93,science_fiction|fantasy
"Nosferatu, a Symphony of Horror (Nosferatu, eine Symphonie des Grauens) (Nosferatu the Vampire) (1922)",97,science_fiction|fantasy
Snow White and the Seven Dwarfs (1937),98,science_fiction|fantasy
Thor: Ragnarok (2017),92,science_fiction|fantasy
The Bride of Frankenstein (1935),100,science_fiction|fantasy
Alien (1979),97,science_fiction|fantasy
Toy Story 2 (1999),100,science_fiction|fantasy
Spider-Man: Homecoming (2017),92,science_fiction|fantasy
War for the Planet of the Apes (2017),93,science_fiction|fantasy
Toy Story 3 (2010),98,science_fiction|fantasy
Dr. Strangelove Or How I Learned to Stop Worrying and Love the Bomb (1964),99,science_fiction|fantasy
Frankenstein (1931),100,science_fiction|fantasy
The Dark Knight (2008),94,science_fiction|fantasy
Captain America: Civil War (2016),91,science_fiction|fantasy
Pinocchio (1940),100,science_fiction|fantasy
Harry Potter and the Deathly Hallows - Part 2 (2011),96,science_fiction|fantasy
Aliens (1986),99,science_fiction|fantasy
Toy Story (1995),100,science_fiction|fantasy
Ant-Man and the Wasp (2018),88,science_fiction|fantasy
Star Wars: Episode IV - A New Hope (1977),93,science_fiction|fantasy
WALL-E (2008),96,science_fiction|fantasy
Sorry to Bother You (2018),93,science_fiction|fantasy
Invasion of the Body Snatchers (1956),98,science_fiction|fantasy
Star Trek (2009),94,science_fiction|fantasy
Kubo and the Two Strings (2016),97,science_fiction|fantasy
The Terminator (1984),100,science_fiction|fantasy
Marvel's The Avengers (2012),92,science_fiction|fantasy
The Martian (2015),91,science_fiction|fantasy
Mary Poppins (1964),100,science_fiction|fantasy
Beauty and The Beast (La Belle et la bête) (1946),95,science_fiction|fantasy
Miracle on 34th Street (1947),96,science_fiction|fantasy
Star Wars: Episode V - The Empire Strikes Back (1980),95,science_fiction|fantasy
Snowpiercer (2014),95,science_fiction|fantasy
2001: A Space Odyssey (1968),93,science_fiction|fantasy
The Discreet Charm Of The Bourgeoisie (Le Charme Discret de la Bourgeoisie) (1972),98,science_fiction|fantasy
It's a Wonderful Life (1946),93,science_fiction|fantasy
Blade Runner 2049 (2017),87,science_fiction|fantasy
Her (2013),94,science_fiction|fantasy
How to Train Your Dragon (2010),98,science_fiction|fantasy
Avengers: Infinity War (2018),84,science_fiction|fantasy
8 1/2 (1963),98,science_fiction|fantasy
Yellow Submarine (1968),97,science_fiction|fantasy
Guardians of the Galaxy (2014),91,science_fiction|fantasy
Beauty and the Beast (1991),94,science_fiction|fantasy
Iron Man (2008),93,science_fiction|fantasy
The Princess Bride (1987),97,science_fiction|fantasy
Forbidden Planet (1956),98,science_fiction|fantasy
Ghostbusters (1984 Original) (1984),97,science_fiction|fantasy
The Nightmare Before Christmas (1993),95,science_fiction|fantasy
Big (1988),97,science_fiction|fantasy
Pan's Labyrinth (2006),95,science_fiction|fantasy
Fantasia (1940),96,science_fiction|fantasy
The Day the Earth Stood Still (1951),94,science_fiction|fantasy
"Monsters, Inc. (2001)",96,science_fiction|fantasy
Doctor Strange (2016),89,science_fiction|fantasy
X-Men: Days of Future Past (2014),90,science_fiction|fantasy
The Lord of the Rings: The Two Towers (2002),95,science_fiction|fantasy
Live Die Repeat: Edge of Tomorrow (2014),90,science_fiction|fantasy
Looper (2012),93,science_fiction|fantasy
Back to the Future (1985),96,science_fiction|fantasy
Groundhog Day (1993),96,science_fiction|fantasy
The Iron Giant (1999),96,science_fiction|fantasy
Spirited Away (2002),97,science_fiction|fantasy
Solaris (1976),96,science_fiction|fantasy
Wings of Desire (1987),98,science_fiction|fantasy
Gojira (1956),93,science_fiction|fantasy
Dawn Of The Planet Of The Apes (2014),90,science_fiction|fantasy
Song Of The Sea (2014),99,science_fiction|fantasy
Mad Max 2: The Road Warrior (1982),98,science_fiction|fantasy
Annihilation (2018),89,science_fiction|fantasy
Close Encounters of the Third Kind (1977),96,science_fiction|fantasy
Babe (1995),97,science_fiction|fantasy
Ex Machina (2015),92,science_fiction|fantasy
Jurassic Park (1993),91,science_fiction|fantasy
Brazil (1985),98,science_fiction|fantasy
10 Cloverfield Lane (2016),90,science_fiction|fantasy
Blade Runner (1982),90,science_fiction|fantasy
Repo Man (1984),98,science_fiction|fantasy
Jodorowsky's Dune (2014),97,science_fiction|fantasy
The Lord of the Rings: The Return of the King (2003),93,science_fiction|fantasy
The Seventh Seal (Det Sjunde inseglet) (1957),93,science_fiction|fantasy
Spider-Man 2 (2004),93,science_fiction|fantasy
Captain America: The Winter Soldier (2014),89,science_fiction|fantasy
Children of Men (2006),92,science_fiction|fantasy
The Secret World of Arrietty (2012),95,science_fiction|fantasy
Invasion of the Body Snatchers (1978),94,science_fiction|fantasy
The Evil Dead (1981),95,science_fiction|fantasy
District 9 (2009),90,science_fiction|fantasy
Eternal Sunshine Of The Spotless Mind (2004),93,science_fiction|fantasy
The Bride of Frankenstein (1935),100,special_interest
Frankenstein (1931),100,special_interest
Man on Wire (2008),100,special_interest
Life Itself (2014),97,special_interest
Miracle on 34th Street (1947),96,special_interest
The Discreet Charm Of The Bourgeoisie (Le Charme Discret de la Bourgeoisie) (1972),98,special_interest
Her (2013),94,special_interest
Amy (2015),95,special_interest
Taxi to the Dark Side (2007),100,special_interest
Blackfish (2013),98,special_interest
Murderball (2005),98,special_interest
Groundhog Day (1993),96,special_interest
Inside Job (2010),98,special_interest
Jiro Dreams of Sushi (2012),99,special_interest
The Square (Al Midan) (2013),100,special_interest
Hoop Dreams (1994),98,special_interest
"Mr. Death: The Rise and Fall of Fred A. Leuchter, Jr. (1999)",100,special_interest
Afghan Star (2009),100,special_interest
Capturing the Friedmans (2003),97,special_interest
Waltz with Bashir (2008),96,special_interest
The Overnighters (2014),99,special_interest
Jodorowsky's Dune (2014),97,special_interest
The Interrupters (2011),99,special_interest
How to Survive a Plague (2012),99,special_interest
56 Up (2013),99,special_interest
Last Train Home (2010),100,special_interest
The Invisible War (2012),99,special_interest
Spellbound (2002),97,special_interest
Enron: The Smartest Guys in the Room (2005),97,special_interest
Love Is Strange (2014),94,special_interest
The Act Of Killing (2013),95,special_interest
This Is Not a Film (2012),97,special_interest
Elaine Stritch: Shoot Me (2014),98,special_interest
The King of Kong: A Fistful of Quarters (2007),97,special_interest
The Fog of War: Eleven Lessons from the Life of Robert S. McNamara (2003),96,special_interest
Bowling for Columbine (2002),95,special_interest
The Imposter (2012),96,special_interest
The War Tapes (2006),98,special_interest
Cave of Forgotten Dreams (2011),96,special_interest
Ai Weiwei: Never Sorry (2012),97,special_interest
Undefeated (2012),96,special_interest
L'année dernière à Marienbad (Last Year at Marienbad) (1961),94,special_interest
Sicko (2007),92,special_interest
Mea Maxima Culpa: Silence In The House Of God (2012),98,special_interest
Blindsight (2006),98,special_interest
The Devil Came on Horseback (2007),98,special_interest
Call Me Kuchu (2013),98,special_interest
For the Bible Tells Me So (2007),98,special_interest
Let The Fire Burn (2013),98,special_interest
Restrepo (2010),96,special_interest
The Life and Times of Hank Greenberg (2000),97,special_interest
Surfwise (2007),98,special_interest
Bus 174 (Ônibus 174) (2003),97,special_interest
Wordplay (2006),95,special_interest
Control Room (2004),96,special_interest
Burma VJ: Reporter i et Lukket Land (Burma VJ: Reporting from a Closed Country) (2008),97,special_interest
No End in Sight (2007),96,special_interest
49 Up (2006),97,special_interest
Winged Migration (2003),95,special_interest
Muscle Shoals (2013),96,special_interest
The Queen of Versailles (2012),95,special_interest
Marley (2012),95,special_interest
Finding Vivian Maier (2014),95,special_interest
An Inconvenient Truth (2006),93,special_interest
A Film Unfinished (2010),97,special_interest
"Bigger, Stronger, Faster* (2008)",96,special_interest
Sweetgrass (2009),97,special_interest
Trouble the Water (2008),96,special_interest
To Be and to Have (Etre et Avoir) (2003),97,special_interest
"Food, Inc. (2009)",95,special_interest
The Wild Parrots of Telegraph Hill (2005),95,special_interest
Chasing Ice (2012),96,special_interest
"20,000 Days on Earth (2014)",95,special_interest
Exit Through The Gift Shop (2010),95,special_interest
Shaun of the Dead (2004),92,special_interest
The Gatekeepers (2013),94,special_interest
Touching the Void (2004),94,special_interest
Born Into Brothels (2004),95,special_interest
Crumb (1995),95,special_interest
I Am Divine (2013),96,special_interest
Manakamana (2014),96,special_interest
Deep Water (2006),96,special_interest
The Last of the Unjust (2014),96,special_interest
Cutie And The Boxer (2013),95,special_interest
Brooklyn Castle (2012),96,special_interest
Up the Yangtze (2007),96,special_interest
Good Hair (2009),95,special_interest
5 Broken Cameras (2012),96,special_interest
National Gallery (2014),95,special_interest
The Salt of the Earth (2015),94,special_interest
Last Days in Vietnam (2014),95,special_interest
Plagues & Pleasures on the Salton Sea (2004),96,special_interest
Promises (2002),96,special_interest
The Arbor (2011),96,special_interest
The Endurance (2001),95,special_interest
Eraserhead (1977),91,special_interest
Los Angeles Plays Itself (2003),96,special_interest
Super Size Me (2004),92,special_interest
My Winnipeg (2007),94,special_interest
The Story of the Weeping Camel (2004),94,special_interest
Murderball (2005),98,sports|fitness
Hoop Dreams (1994),98,sports|fitness
When We Were Kings (1996),98,sports|fitness
The King of Kong: A Fistful of Quarters (2007),97,sports|fitness
Rocky (1976),93,sports|fitness
Undefeated (2012),96,sports|fitness
The Life and Times of Hank Greenberg (2000),97,sports|fitness
Surfwise (2007),98,sports|fitness
Touching the Void (2004),94,sports|fitness
Red Army (2015),94,sports|fitness
Battle of the Sexes (2017),85,sports|fitness
The Fighter (2010),90,sports|fitness
The Crash Reel (2013),96,sports|fitness
Sugar (2008),92,sports|fitness
The Damned United (2009),92,sports|fitness
Boxing Gym (2010),95,sports|fitness
Riding Giants (2004),93,sports|fitness
Senna (2011),92,sports|fitness
Dogtown and Z-Boys (2001),92,sports|fitness
The Color of Money (1986),89,sports|fitness
Tristram Shandy: A Cock & Bull Story (2005),89,sports|fitness
Up for Grabs (2005),92,sports|fitness
Hoosiers (1986),88,sports|fitness
Field of Dreams (1989),86,sports|fitness
Girlfight (2000),87,sports|fitness
The Heart of the Game (2005),87,sports|fitness
Tyson (2009),85,sports|fitness
Chariots of Fire (1981),83,sports|fitness
The Hurricane (1999),83,sports|fitness
Looking for Eric (2010),85,sports|fitness
The Armstrong Lie (2013),82,sports|fitness
Major League (1989),82,sports|fitness
Goon (2012),82,sports|fitness
Beyond the Mat (1999),82,sports|fitness
The Boxer (1997),80,sports|fitness
Invictus (2009),76,sports|fitness
Fed Up (2014),81,sports|fitness
A League of Their Own (1992),78,sports|fitness
Step Into Liquid (2003),81,sports|fitness
Once in a Lifetime: The Extraordinary Story of the New York Cosmos (2006),81,sports|fitness
Stoked: The Rise and Fall of Gator (2003),81,sports|fitness
Talladega Nights: The Ballad of Ricky Bobby (2006),71,sports|fitness
Invincible (2006),72,sports|fitness
Gunnin' for That #1 Spot (2008),74,sports|fitness
Ultimate X: The Movie (2002),74,sports|fitness
The Blind Side (2009),66,sports|fitness
More Than a Game (2009),71,sports|fitness
Secretariat (2010),63,sports|fitness
Dust to Glory (2005),60,sports|fitness
NASCAR: The IMAX Experience (2004),61,sports|fitness
Glory Road (2006),56,sports|fitness
The Sandlot (1993),57,sports|fitness
Because of Winn-Dixie (2005),55,sports|fitness
The Perfect Game (2010),57,sports|fitness
Steep (2007),54,sports|fitness
First Descent (2005),52,sports|fitness
Soul Surfer (2011),45,sports|fitness
Goal! The Dream Begins (Goal!: The Impossible Dream) (2005),43,sports|fitness
The Replacements (2000),41,sports|fitness
Beerfest (2006),40,sports|fitness
Grudge Match (2013),30,sports|fitness
Jiminy Glick in Lalawood (2005),22,sports|fitness
Playing for Keeps (2012),5,sports|fitness
Life Itself (2014),97,television
Afghan Star (2009),100,television
49 Up (2006),97,television
Room 237 (2013),94,television
Behind the Candelabra (2013),95,television
A Film Unfinished (2010),97,television
The Return (2004),95,television
Being Elmo: A Puppeteer's Journey (2011),95,television
"Not Quite Hollywood: The Wild, Untold Story of Ozploitation! (2008)",95,television
Los Angeles Plays Itself (2003),96,television
Lost in La Mancha (2003),94,television
Best Worst Movie (2010),95,television
Sing Your Song (2012),95,television
American Movie (1999),94,television
The Normal Heart (2014),94,television
"Yoo-hoo, Mrs. Goldberg (2009)",93,television
The Kid Stays in the Picture (2002),91,television
Side by Side (2012),92,television
Joan Rivers: A Piece Of Work (2010),91,television
F for Fake (1974),88,television
Duel (1972),88,television
Saraband (2003),91,television
Corman's World: Exploits Of A Hollywood Rebel (2011),92,television
"Electric Boogaloo: The Wild, Untold Story of Cannon Films (2012)",91,television
Tell Them Who You Are (2005),88,television
The Five Obstructions (2003),88,television
Doctor Zhivago (1965),82,television
This Film Is Not Yet Rated (2006),84,television
Trekkies (1999),86,television
Inside Deep Throat (2005),83,television
Outfoxed: Rupert Murdoch's War on Journalism (2004),85,television
Trumbo (2007),83,television
Confirmation (2016),82,television
Tupac: Resurrection (2003),78,television
Overnight (2004),78,television
Teacher's Pet (2004),76,television
POM Wonderful Presents: The Greatest Movie Ever Sold (2011),74,television
Fellini: I'm a Born Liar (2003),73,television
My Date With Drew (2004),71,television
Only Human (Seres queridos) (2006),71,television
Waking Sleeping Beauty (2010),70,television
Porn Star: The Legend of Ron Jeremy (2001),69,television
The Rugrats Movie (1998),59,television
I'm Still Here (2010),53,television
No Strings Attached (2011),49,television
Bamboozled (2000),48,television
The Real Cancun (2003),35,television
I Am (2011),36,television
15 Minutes (2001),32,television
Man of the Year (2006),22,television
Pokemon 3: The Movie (2001),21,television
The Honeymooners (2005),13,television
From Justin To Kelly (2003),10,television
The Treasure of the Sierra Madre (1948),100,western
"The Good, the Bad and the Ugly (1966)",97,western
High Noon (1952),96,western
The Searchers (1956),100,western
Rio Bravo (1959),100,western
Once Upon a Time in the West (1968),98,western
True Grit (2010),96,western
Unforgiven (1992),96,western
A Fistful of Dollars (Per un Pugno di Dollari) (1964),98,western
The Wild Bunch (1969),94,western
The Ballad of Buster Scruggs (2018),92,western
Johnny Guitar (1954),95,western
Giant (1956),95,western
Sweetgrass (2009),97,western
The Man Who Shot Liberty Valance (1962),93,western
Lone Star (1996),94,western
Butch Cassidy and the Sundance Kid (1969),90,western
3:10 to Yuma (2007),89,western
Django Unchained (2012),86,western
Blazing Saddles (1974),90,western
True Grit (1969),88,western
McCabe & Mrs. Miller (1971),89,western
Bone Tomahawk (2015),91,western
The Magnificent Seven (1960),88,western
Near Dark (1987),88,western
The Three Burials of Melquiades Estrada (2006),85,western
Meek's Cutoff (2011),86,western
The Proposition (2005),85,western
Dances With Wolves (1990),82,western
The Homesman (2014),81,western
The Hateful Eight (2015),74,western
"The Good, the Bad, the Weird (Joheun-nom, Nabbeun-nom, Isanghan-nom) (2010)",83,western
Open Range (2003),79,western
Shanghai Noon (2000),79,western
Appaloosa (2008),76,western
The Assassination of Jesse James by the Coward Robert Ford (2007),76,western
Hostiles (2018),71,western
Red Hill (2010),78,western
In a Valley of Violence (2016),76,western
The Keeping Room (2015),75,western
The Horse Whisperer (1998),74,western
Blackthorn (2011),75,western
Tombstone (1993),73,western
Fah talai jone (Tears of the Black Tiger) (2007),74,western
The Magnificent Seven (2016),63,western
The Salvation (2015),72,western
Dead Man (1995),70,western
The Rover (2014),66,western
Maverick (1994),66,western
The Claim (2000),62,western
The Missing (2003),58,western
Heaven's Gate (1980),57,western
Legends of the Fall (1994),56,western
The Quick and the Dead (1995),57,western
Sukiyaki Western Django (2008),56,western
The Killer Inside Me (2010),54,western
Seraphim Falls (2007),55,western
Ned Kelly (2003),56,western
Down in the Valley (2006),52,western
Cowboys & Aliens (2011),45,western
Forsaken (2016),43,western
Jane Got a Gun (2016),41,western
Brimstone (2017),41,western
A Million Ways to Die in the West (2014),33,western
The Lone Ranger (2013),31,western
The Alamo (2004),29,western
The Warrior's Way (2010),28,western
The Dark Tower (2017),16,western
Wild Wild West (1999),17,western
Priest (2011),15,western
American Outlaws (2001),14,western
September Dawn (2007),15,western
Jonah Hex (2010),12,western
Texas Rangers (2001),2,western
